"","typeSeason","slugSeason","idGame","dateGame","slugMatchup","slugTeamWinner","slugTeamLoser","numberGameDay"
"1","Regular Season","2022-23",22200001,2022-10-18,"BOS vs. PHI","BOS","PHI",1
"2","Regular Season","2022-23",22200002,2022-10-18,"LAL @ GSW","GSW","LAL",2
"3","Regular Season","2022-23",22200003,2022-10-19,"ORL @ DET","DET","ORL",1
"4","Regular Season","2022-23",22200004,2022-10-19,"WAS @ IND","WAS","IND",2
"5","Regular Season","2022-23",22200005,2022-10-19,"HOU @ ATL","ATL","HOU",3
"6","Regular Season","2022-23",22200006,2022-10-19,"NOP @ BKN","NOP","BKN",4
"7","Regular Season","2022-23",22200007,2022-10-19,"CHI @ MIA","CHI","MIA",5
"8","Regular Season","2022-23",22200008,2022-10-19,"TOR vs. CLE","TOR","CLE",6
"9","Regular Season","2022-23",22200009,2022-10-19,"MEM vs. NYK","MEM","NYK",7
"10","Regular Season","2022-23",22200010,2022-10-19,"OKC @ MIN","MIN","OKC",8
"11","Regular Season","2022-23",22200011,2022-10-19,"SAS vs. CHA","CHA","SAS",9
"12","Regular Season","2022-23",22200012,2022-10-19,"DEN @ UTA","UTA","DEN",10
"13","Regular Season","2022-23",22200013,2022-10-19,"PHX vs. DAL","PHX","DAL",11
"14","Regular Season","2022-23",22200014,2022-10-19,"POR @ SAC","POR","SAC",12
"15","Regular Season","2022-23",22200015,2022-10-20,"PHI vs. MIL","MIL","PHI",1
"16","Regular Season","2022-23",22200016,2022-10-20,"LAL vs. LAC","LAC","LAL",2
"17","Regular Season","2022-23",22200017,2022-10-21,"NOP @ CHA","NOP","CHA",1
"18","Regular Season","2022-23",22200018,2022-10-21,"SAS @ IND","SAS","IND",2
"19","Regular Season","2022-23",22200019,2022-10-21,"CHI @ WAS","WAS","CHI",3
"20","Regular Season","2022-23",22200020,2022-10-21,"ATL vs. ORL","ATL","ORL",4
"21","Regular Season","2022-23",22200021,2022-10-21,"TOR @ BKN","BKN","TOR",5
"22","Regular Season","2022-23",22200022,2022-10-21,"BOS @ MIA","BOS","MIA",6
"23","Regular Season","2022-23",22200023,2022-10-21,"DET @ NYK","NYK","DET",7
"24","Regular Season","2022-23",22200024,2022-10-21,"MEM @ HOU","MEM","HOU",8
"25","Regular Season","2022-23",22200025,2022-10-21,"UTA @ MIN","UTA","MIN",9
"26","Regular Season","2022-23",22200026,2022-10-21,"GSW vs. DEN","DEN","GSW",10
"27","Regular Season","2022-23",22200027,2022-10-21,"POR vs. PHX","POR","PHX",11
"28","Regular Season","2022-23",22200028,2022-10-22,"SAS @ PHI","SAS","PHI",1
"29","Regular Season","2022-23",22200029,2022-10-22,"DET @ IND","IND","DET",2
"30","Regular Season","2022-23",22200030,2022-10-22,"BOS @ ORL","BOS","ORL",3
"31","Regular Season","2022-23",22200031,2022-10-22,"MIA vs. TOR","MIA","TOR",4
"32","Regular Season","2022-23",22200032,2022-10-22,"CHI vs. CLE","CLE","CHI",5
"33","Regular Season","2022-23",22200033,2022-10-22,"HOU @ MIL","MIL","HOU",6
"34","Regular Season","2022-23",22200034,2022-10-22,"MEM @ DAL","DAL","MEM",7
"35","Regular Season","2022-23",22200035,2022-10-22,"DEN vs. OKC","DEN","OKC",8
"36","Regular Season","2022-23",22200036,2022-10-22,"SAC vs. LAC","LAC","SAC",9
"37","Regular Season","2022-23",22200037,2022-10-23,"POR @ LAL","POR","LAL",1
"38","Regular Season","2022-23",22200038,2022-10-23,"CHA @ ATL","CHA","ATL",2
"39","Regular Season","2022-23",22200039,2022-10-23,"WAS @ CLE","CLE","WAS",3
"40","Regular Season","2022-23",22200040,2022-10-23,"NOP vs. UTA","UTA","NOP",4
"41","Regular Season","2022-23",22200041,2022-10-23,"MIN @ OKC","MIN","OKC",5
"42","Regular Season","2022-23",22200042,2022-10-23,"GSW vs. SAC","GSW","SAC",6
"43","Regular Season","2022-23",22200043,2022-10-23,"LAC vs. PHX","PHX","LAC",7
"44","Regular Season","2022-23",22200044,2022-10-24,"IND @ PHI","PHI","IND",1
"45","Regular Season","2022-23",22200045,2022-10-24,"TOR @ MIA","TOR","MIA",2
"46","Regular Season","2022-23",22200046,2022-10-24,"NYK vs. ORL","NYK","ORL",3
"47","Regular Season","2022-23",22200047,2022-10-24,"CHI vs. BOS","CHI","BOS",4
"48","Regular Season","2022-23",22200048,2022-10-24,"UTA @ HOU","HOU","UTA",5
"49","Regular Season","2022-23",22200049,2022-10-24,"MEM vs. BKN","MEM","BKN",6
"50","Regular Season","2022-23",22200050,2022-10-24,"SAS @ MIN","SAS","MIN",7
"51","Regular Season","2022-23",22200051,2022-10-24,"DEN @ POR","POR","DEN",8
"52","Regular Season","2022-23",22200052,2022-10-25,"WAS vs. DET","WAS","DET",1
"53","Regular Season","2022-23",22200053,2022-10-25,"DAL @ NOP","NOP","DAL",2
"54","Regular Season","2022-23",22200054,2022-10-25,"OKC vs. LAC","OKC","LAC",3
"55","Regular Season","2022-23",22200055,2022-10-25,"PHX vs. GSW","PHX","GSW",4
"56","Regular Season","2022-23",22200056,2022-10-26,"ORL @ CLE","CLE","ORL",1
"57","Regular Season","2022-23",22200057,2022-10-26,"ATL @ DET","ATL","DET",2
"58","Regular Season","2022-23",22200058,2022-10-26,"CHA @ NYK","NYK","CHA",3
"59","Regular Season","2022-23",22200059,2022-10-26,"TOR vs. PHI","TOR","PHI",4
"60","Regular Season","2022-23",22200060,2022-10-26,"BKN @ MIL","MIL","BKN",5
"61","Regular Season","2022-23",22200061,2022-10-26,"IND @ CHI","CHI","IND",6
"62","Regular Season","2022-23",22200062,2022-10-26,"SAS @ MIN","MIN","SAS",7
"63","Regular Season","2022-23",22200063,2022-10-26,"UTA vs. HOU","UTA","HOU",8
"64","Regular Season","2022-23",22200064,2022-10-26,"LAL @ DEN","DEN","LAL",9
"65","Regular Season","2022-23",22200065,2022-10-26,"POR vs. MIA","MIA","POR",10
"66","Regular Season","2022-23",22200066,2022-10-27,"DAL @ BKN","DAL","BKN",1
"67","Regular Season","2022-23",22200067,2022-10-27,"LAC @ OKC","OKC","LAC",2
"68","Regular Season","2022-23",22200068,2022-10-27,"MIA @ GSW","GSW","MIA",3
"69","Regular Season","2022-23",22200069,2022-10-27,"MEM @ SAC","MEM","SAC",4
"70","Regular Season","2022-23",22200070,2022-10-28,"ATL @ DET","ATL","DET",1
"71","Regular Season","2022-23",22200071,2022-10-28,"CHA @ ORL","ORL","CHA",2
"72","Regular Season","2022-23",22200072,2022-10-28,"BOS vs. CLE","CLE","BOS",3
"73","Regular Season","2022-23",22200073,2022-10-28,"PHI @ TOR","PHI","TOR",4
"74","Regular Season","2022-23",22200074,2022-10-28,"WAS vs. IND","IND","WAS",5
"75","Regular Season","2022-23",22200075,2022-10-28,"MIL vs. NYK","MIL","NYK",6
"76","Regular Season","2022-23",22200076,2022-10-28,"LAL @ MIN","MIN","LAL",7
"77","Regular Season","2022-23",22200077,2022-10-28,"CHI @ SAS","SAS","CHI",8
"78","Regular Season","2022-23",22200078,2022-10-28,"UTA @ DEN","DEN","UTA",9
"79","Regular Season","2022-23",22200079,2022-10-28,"NOP @ PHX","PHX","NOP",10
"80","Regular Season","2022-23",22200080,2022-10-28,"HOU @ POR","POR","HOU",11
"81","Regular Season","2022-23",22200081,2022-10-29,"MIA @ SAC","SAC","MIA",1
"82","Regular Season","2022-23",22200082,2022-10-29,"CHA vs. GSW","CHA","GSW",2
"83","Regular Season","2022-23",22200083,2022-10-29,"BKN vs. IND","IND","BKN",3
"84","Regular Season","2022-23",22200084,2022-10-29,"CHI vs. PHI","PHI","CHI",4
"85","Regular Season","2022-23",22200085,2022-10-29,"MIL vs. ATL","MIL","ATL",5
"86","Regular Season","2022-23",22200086,2022-10-29,"OKC @ DAL","OKC","DAL",6
"87","Regular Season","2022-23",22200087,2022-10-29,"MEM @ UTA","UTA","MEM",7
"88","Regular Season","2022-23",22200088,2022-10-30,"NOP @ LAC","NOP","LAC",1
"89","Regular Season","2022-23",22200089,2022-10-30,"BOS vs. WAS","BOS","WAS",2
"90","Regular Season","2022-23",22200090,2022-10-30,"NYK @ CLE","CLE","NYK",3
"91","Regular Season","2022-23",22200091,2022-10-30,"DET vs. GSW","DET","GSW",4
"92","Regular Season","2022-23",22200092,2022-10-30,"MIN @ SAS","SAS","MIN",5
"93","Regular Season","2022-23",22200093,2022-10-30,"DAL vs. ORL","DAL","ORL",6
"94","Regular Season","2022-23",22200094,2022-10-30,"HOU @ PHX","PHX","HOU",7
"95","Regular Season","2022-23",22200095,2022-10-30,"LAL vs. DEN","LAL","DEN",8
"96","Regular Season","2022-23",22200096,2022-10-31,"CHA vs. SAC","SAC","CHA",1
"97","Regular Season","2022-23",22200097,2022-10-31,"PHI @ WAS","PHI","WAS",2
"98","Regular Season","2022-23",22200098,2022-10-31,"IND @ BKN","BKN","IND",3
"99","Regular Season","2022-23",22200099,2022-10-31,"TOR vs. ATL","TOR","ATL",4
"100","Regular Season","2022-23",22200100,2022-10-31,"MIL vs. DET","MIL","DET",5
"101","Regular Season","2022-23",22200101,2022-10-31,"UTA vs. MEM","UTA","MEM",6
"102","Regular Season","2022-23",22200102,2022-10-31,"HOU @ LAC","LAC","HOU",7
"103","Regular Season","2022-23",22200103,2022-11-01,"BKN vs. CHI","CHI","BKN",1
"104","Regular Season","2022-23",22200104,2022-11-01,"MIA vs. GSW","MIA","GSW",2
"105","Regular Season","2022-23",22200105,2022-11-01,"ORL @ OKC","OKC","ORL",3
"106","Regular Season","2022-23",22200106,2022-11-01,"PHX vs. MIN","PHX","MIN",4
"107","Regular Season","2022-23",22200107,2022-11-02,"CLE vs. BOS","CLE","BOS",1
"108","Regular Season","2022-23",22200108,2022-11-02,"WAS @ PHI","WAS","PHI",2
"109","Regular Season","2022-23",22200109,2022-11-02,"SAC @ MIA","MIA","SAC",3
"110","Regular Season","2022-23",22200110,2022-11-02,"NYK vs. ATL","ATL","NYK",4
"111","Regular Season","2022-23",22200111,2022-11-02,"CHI vs. CHA","CHI","CHA",5
"112","Regular Season","2022-23",22200112,2022-11-02,"LAC @ HOU","LAC","HOU",6
"113","Regular Season","2022-23",22200113,2022-11-02,"MIL vs. DET","MIL","DET",7
"114","Regular Season","2022-23",22200114,2022-11-02,"TOR @ SAS","TOR","SAS",8
"115","Regular Season","2022-23",22200115,2022-11-02,"DAL vs. UTA","DAL","UTA",9
"116","Regular Season","2022-23",22200116,2022-11-02,"POR vs. MEM","MEM","POR",10
"117","Regular Season","2022-23",22200117,2022-11-02,"LAL vs. NOP","LAL","NOP",11
"118","Regular Season","2022-23",22200118,2022-11-03,"GSW @ ORL","ORL","GSW",1
"119","Regular Season","2022-23",22200119,2022-11-03,"DEN @ OKC","DEN","OKC",2
"120","Regular Season","2022-23",22200120,2022-11-04,"CLE @ DET","CLE","DET",1
"121","Regular Season","2022-23",22200121,2022-11-04,"IND vs. MIA","IND","MIA",2
"122","Regular Season","2022-23",22200122,2022-11-04,"PHI vs. NYK","NYK","PHI",3
"123","Regular Season","2022-23",22200123,2022-11-04,"BKN @ WAS","BKN","WAS",4
"124","Regular Season","2022-23",22200124,2022-11-04,"CHI @ BOS","BOS","CHI",5
"125","Regular Season","2022-23",22200125,2022-11-04,"MEM vs. CHA","MEM","CHA",6
"126","Regular Season","2022-23",22200126,2022-11-04,"SAS vs. LAC","LAC","SAS",7
"127","Regular Season","2022-23",22200127,2022-11-04,"TOR @ DAL","DAL","TOR",8
"128","Regular Season","2022-23",22200128,2022-11-04,"NOP vs. GSW","NOP","GSW",9
"129","Regular Season","2022-23",22200129,2022-11-04,"MIN vs. MIL","MIL","MIN",10
"130","Regular Season","2022-23",22200130,2022-11-04,"POR @ PHX","POR","PHX",11
"131","Regular Season","2022-23",22200131,2022-11-04,"UTA @ LAL","UTA","LAL",12
"132","Regular Season","2022-23",22200132,2022-11-05,"ORL vs. SAC","SAC","ORL",1
"133","Regular Season","2022-23",22200133,2022-11-05,"CHA vs. BKN","BKN","CHA",2
"134","Regular Season","2022-23",22200134,2022-11-05,"ATL vs. NOP","ATL","NOP",3
"135","Regular Season","2022-23",22200135,2022-11-05,"BOS @ NYK","BOS","NYK",4
"136","Regular Season","2022-23",22200136,2022-11-05,"OKC @ MIL","MIL","OKC",5
"137","Regular Season","2022-23",22200137,2022-11-05,"MIN vs. HOU","MIN","HOU",6
"138","Regular Season","2022-23",22200138,2022-11-05,"DEN vs. SAS","DEN","SAS",7
"139","Regular Season","2022-23",22200139,2022-11-05,"PHX vs. POR","PHX","POR",8
"140","Regular Season","2022-23",22200140,2022-11-06,"LAL vs. CLE","CLE","LAL",1
"141","Regular Season","2022-23",22200141,2022-11-06,"CHI @ TOR","TOR","CHI",2
"142","Regular Season","2022-23",22200142,2022-11-06,"WAS @ MEM","MEM","WAS",3
"143","Regular Season","2022-23",22200143,2022-11-06,"LAC vs. UTA","UTA","LAC",4
"144","Regular Season","2022-23",22200144,2022-11-07,"WAS @ CHA","WAS","CHA",1
"145","Regular Season","2022-23",22200145,2022-11-07,"HOU @ ORL","HOU","ORL",2
"146","Regular Season","2022-23",22200146,2022-11-07,"DET vs. OKC","DET","OKC",3
"147","Regular Season","2022-23",22200147,2022-11-07,"NOP @ IND","IND","NOP",4
"148","Regular Season","2022-23",22200148,2022-11-07,"PHI vs. PHX","PHI","PHX",5
"149","Regular Season","2022-23",22200149,2022-11-07,"MIL @ ATL","ATL","MIL",6
"150","Regular Season","2022-23",22200150,2022-11-07,"POR @ MIA","POR","MIA",7
"151","Regular Season","2022-23",22200151,2022-11-07,"CHI vs. TOR","CHI","TOR",8
"152","Regular Season","2022-23",22200152,2022-11-07,"BOS @ MEM","BOS","MEM",9
"153","Regular Season","2022-23",22200153,2022-11-07,"NYK @ MIN","NYK","MIN",10
"154","Regular Season","2022-23",22200154,2022-11-07,"SAS vs. DEN","DEN","SAS",11
"155","Regular Season","2022-23",22200155,2022-11-07,"DAL vs. BKN","DAL","BKN",12
"156","Regular Season","2022-23",22200156,2022-11-07,"SAC @ GSW","GSW","SAC",13
"157","Regular Season","2022-23",22200157,2022-11-07,"UTA vs. LAL","UTA","LAL",14
"158","Regular Season","2022-23",22200158,2022-11-07,"LAC vs. CLE","LAC","CLE",15
"159","Regular Season","2022-23",22200159,2022-11-09,"POR @ CHA","POR","CHA",1
"160","Regular Season","2022-23",22200160,2022-11-09,"DEN @ IND","DEN","IND",2
"161","Regular Season","2022-23",22200161,2022-11-09,"DAL @ ORL","ORL","DAL",3
"162","Regular Season","2022-23",22200162,2022-11-09,"ATL vs. UTA","UTA","ATL",4
"163","Regular Season","2022-23",22200163,2022-11-09,"BOS vs. DET","BOS","DET",5
"164","Regular Season","2022-23",22200164,2022-11-09,"BKN vs. NYK","BKN","NYK",6
"165","Regular Season","2022-23",22200165,2022-11-09,"HOU @ TOR","TOR","HOU",7
"166","Regular Season","2022-23",22200166,2022-11-09,"CHI vs. NOP","NOP","CHI",8
"167","Regular Season","2022-23",22200167,2022-11-09,"MIN vs. PHX","PHX","MIN",9
"168","Regular Season","2022-23",22200168,2022-11-09,"MIL @ OKC","MIL","OKC",10
"169","Regular Season","2022-23",22200169,2022-11-09,"SAS vs. MEM","MEM","SAS",11
"170","Regular Season","2022-23",22200170,2022-11-09,"LAC vs. LAL","LAC","LAL",12
"171","Regular Season","2022-23",22200171,2022-11-09,"SAC vs. CLE","SAC","CLE",13
"172","Regular Season","2022-23",22200172,2022-11-10,"DAL @ WAS","WAS","DAL",1
"173","Regular Season","2022-23",22200173,2022-11-10,"ATL vs. PHI","ATL","PHI",2
"174","Regular Season","2022-23",22200174,2022-11-10,"MIA vs. CHA","MIA","CHA",3
"175","Regular Season","2022-23",22200175,2022-11-10,"NOP vs. POR","POR","NOP",4
"176","Regular Season","2022-23",22200176,2022-11-11,"DEN @ BOS","BOS","DEN",1
"177","Regular Season","2022-23",22200177,2022-11-11,"PHX @ ORL","ORL","PHX",2
"178","Regular Season","2022-23",22200178,2022-11-11,"NYK vs. DET","NYK","DET",3
"179","Regular Season","2022-23",22200179,2022-11-11,"OKC vs. TOR","OKC","TOR",4
"180","Regular Season","2022-23",22200180,2022-11-11,"SAS vs. MIL","SAS","MIL",5
"181","Regular Season","2022-23",22200181,2022-11-11,"MEM vs. MIN","MEM","MIN",6
"182","Regular Season","2022-23",22200182,2022-11-11,"CLE @ GSW","GSW","CLE",7
"183","Regular Season","2022-23",22200183,2022-11-11,"SAC @ LAL","SAC","LAL",8
"184","Regular Season","2022-23",22200184,2022-11-12,"BKN @ LAC","BKN","LAC",1
"185","Regular Season","2022-23",22200185,2022-11-12,"UTA @ WAS","WAS","UTA",2
"186","Regular Season","2022-23",22200186,2022-11-12,"DET vs. BOS","BOS","DET",3
"187","Regular Season","2022-23",22200187,2022-11-12,"TOR @ IND","IND","TOR",4
"188","Regular Season","2022-23",22200188,2022-11-12,"PHI vs. ATL","PHI","ATL",5
"189","Regular Season","2022-23",22200189,2022-11-12,"CHA @ MIA","MIA","CHA",6
"190","Regular Season","2022-23",22200190,2022-11-12,"DAL vs. POR","DAL","POR",7
"191","Regular Season","2022-23",22200191,2022-11-12,"NOP vs. HOU","NOP","HOU",8
"192","Regular Season","2022-23",22200192,2022-11-13,"NYK vs. OKC","OKC","NYK",1
"193","Regular Season","2022-23",22200193,2022-11-13,"CLE vs. MIN","MIN","CLE",2
"194","Regular Season","2022-23",22200194,2022-11-13,"MEM @ WAS","WAS","MEM",3
"195","Regular Season","2022-23",22200195,2022-11-13,"PHI vs. UTA","PHI","UTA",4
"196","Regular Season","2022-23",22200196,2022-11-13,"DEN @ CHI","DEN","CHI",5
"197","Regular Season","2022-23",22200197,2022-11-13,"SAC vs. GSW","SAC","GSW",6
"198","Regular Season","2022-23",22200198,2022-11-13,"LAL vs. BKN","LAL","BKN",7
"199","Regular Season","2022-23",22200199,2022-11-14,"TOR @ DET","TOR","DET",1
"200","Regular Season","2022-23",22200200,2022-11-14,"ORL vs. CHA","CHA","ORL",2
"201","Regular Season","2022-23",22200201,2022-11-14,"OKC @ BOS","BOS","OKC",3
"202","Regular Season","2022-23",22200202,2022-11-14,"MIA vs. PHX","MIA","PHX",4
"203","Regular Season","2022-23",22200203,2022-11-14,"LAC @ HOU","LAC","HOU",5
"204","Regular Season","2022-23",22200204,2022-11-14,"MIL vs. ATL","ATL","MIL",6
"205","Regular Season","2022-23",22200205,2022-11-14,"GSW vs. SAS","GSW","SAS",7
"206","Regular Season","2022-23",22200206,2022-11-15,"NOP vs. MEM","NOP","MEM",1
"207","Regular Season","2022-23",22200207,2022-11-15,"DAL vs. LAC","DAL","LAC",2
"208","Regular Season","2022-23",22200208,2022-11-15,"NYK @ UTA","NYK","UTA",3
"209","Regular Season","2022-23",22200209,2022-11-15,"SAS @ POR","POR","SAS",4
"210","Regular Season","2022-23",22200210,2022-11-15,"BKN @ SAC","SAC","BKN",5
"211","Regular Season","2022-23",22200211,2022-11-16,"IND @ CHA","IND","CHA",1
"212","Regular Season","2022-23",22200212,2022-11-16,"ORL vs. MIN","MIN","ORL",2
"213","Regular Season","2022-23",22200213,2022-11-16,"OKC @ WAS","OKC","WAS",3
"214","Regular Season","2022-23",22200214,2022-11-16,"BOS @ ATL","BOS","ATL",4
"215","Regular Season","2022-23",22200215,2022-11-16,"TOR vs. MIA","TOR","MIA",5
"216","Regular Season","2022-23",22200216,2022-11-16,"MIL vs. CLE","MIL","CLE",6
"217","Regular Season","2022-23",22200217,2022-11-16,"NOP vs. CHI","NOP","CHI",7
"218","Regular Season","2022-23",22200218,2022-11-16,"HOU @ DAL","HOU","DAL",8
"219","Regular Season","2022-23",22200219,2022-11-16,"NYK @ DEN","NYK","DEN",9
"220","Regular Season","2022-23",22200220,2022-11-16,"GSW @ PHX","PHX","GSW",10
"221","Regular Season","2022-23",22200221,2022-11-17,"BKN @ POR","BKN","POR",1
"222","Regular Season","2022-23",22200222,2022-11-17,"SAS @ SAC","SAC","SAS",2
"223","Regular Season","2022-23",22200223,2022-11-17,"DET @ LAC","LAC","DET",3
"224","Regular Season","2022-23",22200224,2022-11-18,"MIA @ WAS","WAS","MIA",1
"225","Regular Season","2022-23",22200225,2022-11-18,"CHA @ CLE","CLE","CHA",2
"226","Regular Season","2022-23",22200226,2022-11-18,"PHI vs. MIL","PHI","MIL",3
"227","Regular Season","2022-23",22200227,2022-11-18,"CHI vs. ORL","ORL","CHI",4
"228","Regular Season","2022-23",22200228,2022-11-18,"IND @ HOU","IND","HOU",5
"229","Regular Season","2022-23",22200229,2022-11-18,"MEM vs. OKC","MEM","OKC",6
"230","Regular Season","2022-23",22200230,2022-11-18,"DEN @ DAL","DAL","DEN",7
"231","Regular Season","2022-23",22200231,2022-11-18,"BOS @ NOP","BOS","NOP",8
"232","Regular Season","2022-23",22200232,2022-11-18,"PHX @ UTA","UTA","PHX",9
"233","Regular Season","2022-23",22200233,2022-11-18,"NYK @ GSW","GSW","NYK",10
"234","Regular Season","2022-23",22200234,2022-11-18,"LAL vs. DET","LAL","DET",11
"235","Regular Season","2022-23",22200235,2022-11-19,"TOR @ ATL","ATL","TOR",1
"236","Regular Season","2022-23",22200236,2022-11-19,"ORL @ IND","IND","ORL",2
"237","Regular Season","2022-23",22200237,2022-11-19,"MIN @ PHI","MIN","PHI",3
"238","Regular Season","2022-23",22200238,2022-11-19,"POR vs. UTA","UTA","POR",4
"239","Regular Season","2022-23",22200239,2022-11-19,"SAS @ LAC","LAC","SAS",5
"240","Regular Season","2022-23",22200240,2022-11-20,"NYK @ PHX","PHX","NYK",1
"241","Regular Season","2022-23",22200241,2022-11-20,"CHA @ WAS","WAS","CHA",2
"242","Regular Season","2022-23",22200242,2022-11-20,"DET @ SAC","SAC","DET",3
"243","Regular Season","2022-23",22200243,2022-11-20,"BKN vs. MEM","BKN","MEM",4
"244","Regular Season","2022-23",22200244,2022-11-20,"CLE vs. MIA","CLE","MIA",5
"245","Regular Season","2022-23",22200245,2022-11-20,"HOU vs. GSW","GSW","HOU",6
"246","Regular Season","2022-23",22200246,2022-11-20,"DEN @ DAL","DEN","DAL",7
"247","Regular Season","2022-23",22200247,2022-11-20,"LAL vs. SAS","LAL","SAS",8
"248","Regular Season","2022-23",22200248,2022-11-21,"ATL @ CLE","CLE","ATL",1
"249","Regular Season","2022-23",22200249,2022-11-21,"IND vs. ORL","IND","ORL",2
"250","Regular Season","2022-23",22200250,2022-11-21,"BOS @ CHI","CHI","BOS",3
"251","Regular Season","2022-23",22200251,2022-11-21,"MIL vs. POR","MIL","POR",4
"252","Regular Season","2022-23",22200252,2022-11-21,"MIA @ MIN","MIN","MIA",5
"253","Regular Season","2022-23",22200253,2022-11-21,"NOP vs. GSW","NOP","GSW",6
"254","Regular Season","2022-23",22200254,2022-11-21,"NYK @ OKC","NYK","OKC",7
"255","Regular Season","2022-23",22200255,2022-11-21,"UTA @ LAC","LAC","UTA",8
"256","Regular Season","2022-23",22200256,2022-11-22,"BKN @ PHI","PHI","BKN",1
"257","Regular Season","2022-23",22200257,2022-11-22,"SAC @ MEM","SAC","MEM",2
"258","Regular Season","2022-23",22200258,2022-11-22,"DEN vs. DET","DET","DEN",3
"259","Regular Season","2022-23",22200259,2022-11-22,"LAL @ PHX","PHX","LAL",4
"260","Regular Season","2022-23",22200260,2022-11-23,"CHA vs. PHI","CHA","PHI",1
"261","Regular Season","2022-23",22200261,2022-11-23,"POR @ CLE","CLE","POR",2
"262","Regular Season","2022-23",22200262,2022-11-23,"IND vs. MIN","MIN","IND",3
"263","Regular Season","2022-23",22200263,2022-11-23,"SAC @ ATL","ATL","SAC",4
"264","Regular Season","2022-23",22200264,2022-11-23,"DAL @ BOS","BOS","DAL",5
"265","Regular Season","2022-23",22200265,2022-11-23,"WAS @ MIA","MIA","WAS",6
"266","Regular Season","2022-23",22200266,2022-11-23,"BKN @ TOR","BKN","TOR",7
"267","Regular Season","2022-23",22200267,2022-11-23,"MIL vs. CHI","CHI","MIL",8
"268","Regular Season","2022-23",22200268,2022-11-23,"OKC vs. DEN","DEN","OKC",9
"269","Regular Season","2022-23",22200269,2022-11-23,"NOP @ SAS","NOP","SAS",10
"270","Regular Season","2022-23",22200270,2022-11-23,"UTA vs. DET","DET","UTA",11
"271","Regular Season","2022-23",22200271,2022-11-23,"LAC @ GSW","GSW","LAC",12
"272","Regular Season","2022-23",22200272,2022-11-25,"CHA vs. MIN","CHA","MIN",1
"273","Regular Season","2022-23",22200273,2022-11-25,"PHI @ ORL","PHI","ORL",2
"274","Regular Season","2022-23",22200274,2022-11-25,"POR @ NYK","POR","NYK",3
"275","Regular Season","2022-23",22200275,2022-11-25,"BOS vs. SAC","BOS","SAC",4
"276","Regular Season","2022-23",22200276,2022-11-25,"BKN @ IND","IND","BKN",5
"277","Regular Season","2022-23",22200277,2022-11-25,"WAS @ MIA","MIA","WAS",6
"278","Regular Season","2022-23",22200278,2022-11-25,"ATL @ HOU","HOU","ATL",7
"279","Regular Season","2022-23",22200279,2022-11-25,"MEM vs. NOP","MEM","NOP",8
"280","Regular Season","2022-23",22200280,2022-11-25,"MIL vs. CLE","MIL","CLE",9
"281","Regular Season","2022-23",22200281,2022-11-25,"CHI @ OKC","OKC","CHI",10
"282","Regular Season","2022-23",22200282,2022-11-25,"LAL @ SAS","LAL","SAS",11
"283","Regular Season","2022-23",22200283,2022-11-25,"PHX vs. DET","PHX","DET",12
"284","Regular Season","2022-23",22200284,2022-11-25,"UTA @ GSW","GSW","UTA",13
"285","Regular Season","2022-23",22200285,2022-11-25,"DEN @ LAC","DEN","LAC",14
"286","Regular Season","2022-23",22200286,2022-11-26,"DAL @ TOR","TOR","DAL",1
"287","Regular Season","2022-23",22200287,2022-11-26,"OKC @ HOU","HOU","OKC",2
"288","Regular Season","2022-23",22200288,2022-11-26,"SAS vs. LAL","LAL","SAS",3
"289","Regular Season","2022-23",22200289,2022-11-26,"PHX vs. UTA","PHX","UTA",4
"290","Regular Season","2022-23",22200290,2022-11-27,"POR @ BKN","BKN","POR",1
"291","Regular Season","2022-23",22200291,2022-11-27,"GSW @ MIN","GSW","MIN",2
"292","Regular Season","2022-23",22200292,2022-11-27,"LAC vs. IND","LAC","IND",3
"293","Regular Season","2022-23",22200293,2022-11-27,"MIA @ ATL","MIA","ATL",4
"294","Regular Season","2022-23",22200294,2022-11-27,"BOS vs. WAS","BOS","WAS",5
"295","Regular Season","2022-23",22200295,2022-11-27,"DET vs. CLE","CLE","DET",6
"296","Regular Season","2022-23",22200296,2022-11-27,"MEM @ NYK","MEM","NYK",7
"297","Regular Season","2022-23",22200297,2022-11-27,"ORL vs. PHI","PHI","ORL",8
"298","Regular Season","2022-23",22200298,2022-11-27,"MIL vs. DAL","MIL","DAL",9
"299","Regular Season","2022-23",22200299,2022-11-28,"ATL @ PHI","PHI","ATL",1
"300","Regular Season","2022-23",22200300,2022-11-28,"MIN @ WAS","WAS","MIN",2
"301","Regular Season","2022-23",22200301,2022-11-28,"CHA @ BOS","BOS","CHA",3
"302","Regular Season","2022-23",22200302,2022-11-28,"BKN vs. ORL","BKN","ORL",4
"303","Regular Season","2022-23",22200303,2022-11-28,"CLE @ TOR","TOR","CLE",5
"304","Regular Season","2022-23",22200304,2022-11-28,"NOP vs. OKC","NOP","OKC",6
"305","Regular Season","2022-23",22200305,2022-11-28,"DEN vs. HOU","DEN","HOU",7
"306","Regular Season","2022-23",22200306,2022-11-28,"CHI @ UTA","CHI","UTA",8
"307","Regular Season","2022-23",22200307,2022-11-28,"PHX @ SAC","PHX","SAC",9
"308","Regular Season","2022-23",22200308,2022-11-28,"LAL vs. IND","IND","LAL",10
"309","Regular Season","2022-23",22200309,2022-11-29,"NYK @ DET","NYK","DET",1
"310","Regular Season","2022-23",22200310,2022-11-29,"GSW @ DAL","DAL","GSW",2
"311","Regular Season","2022-23",22200311,2022-11-29,"POR vs. LAC","LAC","POR",3
"312","Regular Season","2022-23",22200312,2022-11-30,"PHI @ CLE","CLE","PHI",1
"313","Regular Season","2022-23",22200313,2022-11-30,"ATL @ ORL","ATL","ORL",2
"314","Regular Season","2022-23",22200314,2022-11-30,"BOS vs. MIA","BOS","MIA",3
"315","Regular Season","2022-23",22200315,2022-11-30,"BKN vs. WAS","BKN","WAS",4
"316","Regular Season","2022-23",22200316,2022-11-30,"NYK vs. MIL","MIL","NYK",5
"317","Regular Season","2022-23",22200317,2022-11-30,"MIN vs. MEM","MIN","MEM",6
"318","Regular Season","2022-23",22200318,2022-11-30,"TOR @ NOP","NOP","TOR",7
"319","Regular Season","2022-23",22200319,2022-11-30,"OKC vs. SAS","OKC","SAS",8
"320","Regular Season","2022-23",22200320,2022-11-30,"HOU @ DEN","DEN","HOU",9
"321","Regular Season","2022-23",22200321,2022-11-30,"PHX vs. CHI","PHX","CHI",10
"322","Regular Season","2022-23",22200322,2022-11-30,"LAC @ UTA","UTA","LAC",11
"323","Regular Season","2022-23",22200323,2022-11-30,"SAC vs. IND","SAC","IND",12
"324","Regular Season","2022-23",22200324,2022-11-30,"LAL vs. POR","LAL","POR",13
"325","Regular Season","2022-23",22200325,2022-12-01,"DAL @ DET","DET","DAL",1
"326","Regular Season","2022-23",22200326,2022-12-02,"WAS @ CHA","CHA","WAS",1
"327","Regular Season","2022-23",22200327,2022-12-02,"ATL vs. DEN","ATL","DEN",2
"328","Regular Season","2022-23",22200328,2022-12-02,"MIA @ BOS","MIA","BOS",3
"329","Regular Season","2022-23",22200329,2022-12-02,"BKN vs. TOR","BKN","TOR",4
"330","Regular Season","2022-23",22200330,2022-12-02,"ORL @ CLE","CLE","ORL",5
"331","Regular Season","2022-23",22200331,2022-12-02,"MIL vs. LAL","LAL","MIL",6
"332","Regular Season","2022-23",22200332,2022-12-02,"MEM vs. PHI","MEM","PHI",7
"333","Regular Season","2022-23",22200333,2022-12-02,"NOP @ SAS","NOP","SAS",8
"334","Regular Season","2022-23",22200334,2022-12-02,"PHX vs. HOU","HOU","PHX",9
"335","Regular Season","2022-23",22200335,2022-12-02,"IND @ UTA","UTA","IND",10
"336","Regular Season","2022-23",22200336,2022-12-02,"GSW vs. CHI","GSW","CHI",11
"337","Regular Season","2022-23",22200337,2022-12-03,"DAL @ NYK","DAL","NYK",1
"338","Regular Season","2022-23",22200338,2022-12-03,"SAC @ LAC","SAC","LAC",2
"339","Regular Season","2022-23",22200339,2022-12-03,"MIL @ CHA","MIL","CHA",3
"340","Regular Season","2022-23",22200340,2022-12-03,"TOR vs. ORL","TOR","ORL",4
"341","Regular Season","2022-23",22200341,2022-12-03,"MIN vs. OKC","OKC","MIN",5
"342","Regular Season","2022-23",22200342,2022-12-03,"HOU @ GSW","GSW","HOU",6
"343","Regular Season","2022-23",22200343,2022-12-03,"POR @ UTA","POR","UTA",7
"344","Regular Season","2022-23",22200344,2022-12-04,"NOP vs. DEN","NOP","DEN",1
"345","Regular Season","2022-23",22200345,2022-12-04,"PHX @ SAS","PHX","SAS",2
"346","Regular Season","2022-23",22200346,2022-12-04,"BKN vs. BOS","BOS","BKN",3
"347","Regular Season","2022-23",22200347,2022-12-04,"MEM @ DET","MEM","DET",4
"348","Regular Season","2022-23",22200348,2022-12-04,"NYK vs. CLE","NYK","CLE",5
"349","Regular Season","2022-23",22200349,2022-12-04,"WAS vs. LAL","LAL","WAS",6
"350","Regular Season","2022-23",22200350,2022-12-04,"SAC vs. CHI","SAC","CHI",7
"351","Regular Season","2022-23",22200351,2022-12-04,"POR vs. IND","POR","IND",8
"352","Regular Season","2022-23",22200352,2022-12-05,"LAC @ CHA","LAC","CHA",1
"353","Regular Season","2022-23",22200353,2022-12-05,"MIL @ ORL","MIL","ORL",2
"354","Regular Season","2022-23",22200354,2022-12-05,"OKC @ ATL","OKC","ATL",3
"355","Regular Season","2022-23",22200355,2022-12-05,"BOS @ TOR","BOS","TOR",4
"356","Regular Season","2022-23",22200356,2022-12-05,"PHI @ HOU","HOU","PHI",5
"357","Regular Season","2022-23",22200357,2022-12-05,"MIA @ MEM","MEM","MIA",6
"358","Regular Season","2022-23",22200358,2022-12-05,"DAL vs. PHX","DAL","PHX",7
"359","Regular Season","2022-23",22200359,2022-12-05,"GSW vs. IND","IND","GSW",8
"360","Regular Season","2022-23",22200360,2022-12-06,"LAL @ CLE","CLE","LAL",1
"361","Regular Season","2022-23",22200361,2022-12-06,"MIA vs. DET","DET","MIA",2
"362","Regular Season","2022-23",22200362,2022-12-06,"DAL @ DEN","DAL","DEN",3
"363","Regular Season","2022-23",22200363,2022-12-07,"LAC @ ORL","ORL","LAC",1
"364","Regular Season","2022-23",22200364,2022-12-07,"CHA @ BKN","BKN","CHA",2
"365","Regular Season","2022-23",22200365,2022-12-07,"NYK vs. ATL","NYK","ATL",3
"366","Regular Season","2022-23",22200366,2022-12-07,"LAL @ TOR","TOR","LAL",4
"367","Regular Season","2022-23",22200367,2022-12-07,"WAS @ CHI","CHI","WAS",5
"368","Regular Season","2022-23",22200368,2022-12-07,"OKC @ MEM","MEM","OKC",6
"369","Regular Season","2022-23",22200369,2022-12-07,"SAC @ MIL","MIL","SAC",7
"370","Regular Season","2022-23",22200370,2022-12-07,"MIN vs. IND","MIN","IND",8
"371","Regular Season","2022-23",22200371,2022-12-07,"DET @ NOP","NOP","DET",9
"372","Regular Season","2022-23",22200372,2022-12-07,"GSW @ UTA","UTA","GSW",10
"373","Regular Season","2022-23",22200373,2022-12-07,"PHX vs. BOS","BOS","PHX",11
"374","Regular Season","2022-23",22200374,2022-12-08,"LAC @ MIA","MIA","LAC",1
"375","Regular Season","2022-23",22200375,2022-12-08,"SAS vs. HOU","SAS","HOU",2
"376","Regular Season","2022-23",22200376,2022-12-08,"DEN @ POR","DEN","POR",3
"377","Regular Season","2022-23",22200377,2022-12-09,"NYK @ CHA","NYK","CHA",1
"378","Regular Season","2022-23",22200378,2022-12-09,"WAS @ IND","IND","WAS",2
"379","Regular Season","2022-23",22200379,2022-12-09,"ORL vs. TOR","ORL","TOR",3
"380","Regular Season","2022-23",22200380,2022-12-09,"ATL @ BKN","BKN","ATL",4
"381","Regular Season","2022-23",22200381,2022-12-09,"CLE vs. SAC","SAC","CLE",5
"382","Regular Season","2022-23",22200382,2022-12-09,"LAL @ PHI","PHI","LAL",6
"383","Regular Season","2022-23",22200383,2022-12-09,"MEM vs. DET","MEM","DET",7
"384","Regular Season","2022-23",22200384,2022-12-09,"NOP vs. PHX","NOP","PHX",8
"385","Regular Season","2022-23",22200385,2022-12-09,"MIN @ UTA","MIN","UTA",9
"386","Regular Season","2022-23",22200386,2022-12-09,"DAL vs. MIL","MIL","DAL",10
"387","Regular Season","2022-23",22200387,2022-12-10,"MIA vs. SAS","SAS","MIA",1
"388","Regular Season","2022-23",22200388,2022-12-10,"BKN @ IND","BKN","IND",2
"389","Regular Season","2022-23",22200389,2022-12-10,"LAC @ WAS","LAC","WAS",3
"390","Regular Season","2022-23",22200390,2022-12-10,"CLE vs. OKC","CLE","OKC",4
"391","Regular Season","2022-23",22200391,2022-12-10,"CHI vs. DAL","CHI","DAL",5
"392","Regular Season","2022-23",22200392,2022-12-10,"GSW vs. BOS","GSW","BOS",6
"393","Regular Season","2022-23",22200393,2022-12-10,"DEN vs. UTA","DEN","UTA",7
"394","Regular Season","2022-23",22200394,2022-12-10,"MIN @ POR","POR","MIN",8
"395","Regular Season","2022-23",22200395,2022-12-11,"NOP vs. PHX","NOP","PHX",1
"396","Regular Season","2022-23",22200396,2022-12-11,"DET vs. LAL","LAL","DET",2
"397","Regular Season","2022-23",22200397,2022-12-11,"SAC @ NYK","NYK","SAC",3
"398","Regular Season","2022-23",22200398,2022-12-11,"TOR @ ORL","ORL","TOR",4
"399","Regular Season","2022-23",22200399,2022-12-11,"CHA @ PHI","PHI","CHA",5
"400","Regular Season","2022-23",22200400,2022-12-11,"ATL vs. CHI","ATL","CHI",6
"401","Regular Season","2022-23",22200401,2022-12-11,"MIL @ HOU","HOU","MIL",7
"402","Regular Season","2022-23",22200402,2022-12-12,"MIA @ IND","MIA","IND",1
"403","Regular Season","2022-23",22200403,2022-12-12,"BKN @ WAS","BKN","WAS",2
"404","Regular Season","2022-23",22200404,2022-12-12,"ATL @ MEM","MEM","ATL",3
"405","Regular Season","2022-23",22200405,2022-12-12,"OKC @ DAL","DAL","OKC",4
"406","Regular Season","2022-23",22200406,2022-12-12,"SAS vs. CLE","SAS","CLE",5
"407","Regular Season","2022-23",22200407,2022-12-12,"POR vs. MIN","POR","MIN",6
"408","Regular Season","2022-23",22200408,2022-12-12,"BOS @ LAC","LAC","BOS",7
"409","Regular Season","2022-23",22200409,2022-12-13,"SAC @ PHI","PHI","SAC",1
"410","Regular Season","2022-23",22200410,2022-12-13,"MIL vs. GSW","MIL","GSW",2
"411","Regular Season","2022-23",22200411,2022-12-13,"HOU vs. PHX","HOU","PHX",3
"412","Regular Season","2022-23",22200412,2022-12-13,"NOP @ UTA","UTA","NOP",4
"413","Regular Season","2022-23",22200413,2022-12-13,"BOS @ LAL","BOS","LAL",5
"414","Regular Season","2022-23",22200414,2022-12-14,"CHA vs. DET","DET","CHA",1
"415","Regular Season","2022-23",22200415,2022-12-14,"GSW @ IND","IND","GSW",2
"416","Regular Season","2022-23",22200416,2022-12-14,"ORL vs. ATL","ORL","ATL",3
"417","Regular Season","2022-23",22200417,2022-12-14,"SAC @ TOR","SAC","TOR",4
"418","Regular Season","2022-23",22200418,2022-12-14,"CHI vs. NYK","NYK","CHI",5
"419","Regular Season","2022-23",22200419,2022-12-14,"MIA @ OKC","MIA","OKC",6
"420","Regular Season","2022-23",22200420,2022-12-14,"SAS vs. POR","POR","SAS",7
"421","Regular Season","2022-23",22200421,2022-12-14,"DAL vs. CLE","CLE","DAL",8
"422","Regular Season","2022-23",22200422,2022-12-14,"WAS @ DEN","DEN","WAS",9
"423","Regular Season","2022-23",22200423,2022-12-14,"MIN @ LAC","LAC","MIN",10
"424","Regular Season","2022-23",22200424,2022-12-15,"MIA @ HOU","MIA","HOU",1
"425","Regular Season","2022-23",22200425,2022-12-15,"MIL @ MEM","MEM","MIL",2
"426","Regular Season","2022-23",22200426,2022-12-15,"NOP @ UTA","UTA","NOP",3
"427","Regular Season","2022-23",22200427,2022-12-15,"LAC vs. PHX","PHX","LAC",4
"428","Regular Season","2022-23",22200428,2022-12-16,"CHA vs. ATL","ATL","CHA",1
"429","Regular Season","2022-23",22200429,2022-12-16,"SAC @ DET","SAC","DET",2
"430","Regular Season","2022-23",22200430,2022-12-16,"BOS vs. ORL","ORL","BOS",3
"431","Regular Season","2022-23",22200431,2022-12-16,"IND @ CLE","CLE","IND",4
"432","Regular Season","2022-23",22200432,2022-12-16,"PHI vs. GSW","PHI","GSW",5
"433","Regular Season","2022-23",22200433,2022-12-16,"TOR vs. BKN","BKN","TOR",6
"434","Regular Season","2022-23",22200434,2022-12-16,"CHI vs. NYK","NYK","CHI",7
"435","Regular Season","2022-23",22200435,2022-12-16,"OKC vs. MIN","MIN","OKC",8
"436","Regular Season","2022-23",22200436,2022-12-16,"DAL vs. POR","DAL","POR",9
"437","Regular Season","2022-23",22200437,2022-12-16,"LAL vs. DEN","LAL","DEN",10
"438","Regular Season","2022-23",22200438,2022-12-17,"LAC vs. WAS","LAC","WAS",1
"439","Regular Season","2022-23",22200439,2022-12-17,"MIA @ SAS","MIA","SAS",2
"440","Regular Season","2022-23",22200440,2022-12-17,"DAL @ CLE","CLE","DAL",3
"441","Regular Season","2022-23",22200441,2022-12-17,"POR @ HOU","POR","HOU",4
"442","Regular Season","2022-23",22200442,2022-12-17,"MIL vs. UTA","MIL","UTA",5
"443","Regular Season","2022-23",22200443,2022-12-17,"OKC vs. MEM","OKC","MEM",6
"444","Regular Season","2022-23",22200444,2022-12-17,"NOP @ PHX","PHX","NOP",7
"445","Regular Season","2022-23",22200445,2022-12-18,"BOS vs. ORL","ORL","BOS",1
"446","Regular Season","2022-23",22200446,2022-12-18,"IND vs. NYK","NYK","IND",2
"447","Regular Season","2022-23",22200447,2022-12-18,"BKN @ DET","BKN","DET",3
"448","Regular Season","2022-23",22200448,2022-12-18,"GSW @ TOR","GSW","TOR",4
"449","Regular Season","2022-23",22200449,2022-12-18,"MIN vs. CHI","MIN","CHI",5
"450","Regular Season","2022-23",22200450,2022-12-18,"CHA @ DEN","DEN","CHA",6
"451","Regular Season","2022-23",22200451,2022-12-18,"LAL vs. WAS","LAL","WAS",7
"452","Regular Season","2022-23",22200452,2022-12-19,"UTA @ CLE","CLE","UTA",1
"453","Regular Season","2022-23",22200453,2022-12-19,"PHI vs. TOR","PHI","TOR",2
"454","Regular Season","2022-23",22200454,2022-12-19,"ORL @ ATL","ATL","ORL",3
"455","Regular Season","2022-23",22200455,2022-12-19,"HOU vs. SAS","SAS","HOU",4
"456","Regular Season","2022-23",22200456,2022-12-19,"DAL @ MIN","MIN","DAL",5
"457","Regular Season","2022-23",22200457,2022-12-19,"MIL @ NOP","MIL","NOP",6
"458","Regular Season","2022-23",22200458,2022-12-19,"POR @ OKC","OKC","POR",7
"459","Regular Season","2022-23",22200459,2022-12-19,"LAL @ PHX","PHX","LAL",8
"460","Regular Season","2022-23",22200460,2022-12-19,"SAC vs. CHA","CHA","SAC",9
"461","Regular Season","2022-23",22200461,2022-12-20,"DET vs. UTA","UTA","DET",1
"462","Regular Season","2022-23",22200462,2022-12-20,"MIA vs. CHI","CHI","MIA",2
"463","Regular Season","2022-23",22200463,2022-12-20,"GSW @ NYK","NYK","GSW",3
"464","Regular Season","2022-23",22200464,2022-12-20,"PHX vs. WAS","WAS","PHX",4
"465","Regular Season","2022-23",22200465,2022-12-20,"MEM @ DEN","DEN","MEM",5
"466","Regular Season","2022-23",22200466,2022-12-21,"MIL @ CLE","CLE","MIL",1
"467","Regular Season","2022-23",22200467,2022-12-21,"DET @ PHI","PHI","DET",2
"468","Regular Season","2022-23",22200468,2022-12-21,"CHI @ ATL","CHI","ATL",3
"469","Regular Season","2022-23",22200469,2022-12-21,"BOS vs. IND","IND","BOS",4
"470","Regular Season","2022-23",22200470,2022-12-21,"BKN vs. GSW","BKN","GSW",5
"471","Regular Season","2022-23",22200471,2022-12-21,"TOR @ NYK","TOR","NYK",6
"472","Regular Season","2022-23",22200472,2022-12-21,"HOU vs. ORL","ORL","HOU",7
"473","Regular Season","2022-23",22200473,2022-12-21,"DAL @ MIN","DAL","MIN",8
"474","Regular Season","2022-23",22200474,2022-12-21,"OKC vs. POR","OKC","POR",9
"475","Regular Season","2022-23",22200475,2022-12-21,"LAL @ SAC","SAC","LAL",10
"476","Regular Season","2022-23",22200476,2022-12-21,"LAC vs. CHA","LAC","CHA",11
"477","Regular Season","2022-23",22200477,2022-12-22,"SAS @ NOP","NOP","SAS",1
"478","Regular Season","2022-23",22200478,2022-12-22,"WAS @ UTA","UTA","WAS",2
"479","Regular Season","2022-23",22200479,2022-12-23,"SAS @ ORL","ORL","SAS",1
"480","Regular Season","2022-23",22200480,2022-12-23,"PHI vs. LAC","PHI","LAC",2
"481","Regular Season","2022-23",22200481,2022-12-23,"DET @ ATL","ATL","DET",3
"482","Regular Season","2022-23",22200482,2022-12-23,"BOS vs. MIN","BOS","MIN",4
"483","Regular Season","2022-23",22200483,2022-12-23,"BKN vs. MIL","BKN","MIL",5
"484","Regular Season","2022-23",22200484,2022-12-23,"CLE vs. TOR","TOR","CLE",6
"485","Regular Season","2022-23",22200485,2022-12-23,"CHI @ NYK","CHI","NYK",7
"486","Regular Season","2022-23",22200486,2022-12-23,"MIA vs. IND","IND","MIA",8
"487","Regular Season","2022-23",22200487,2022-12-23,"HOU vs. DAL","DAL","HOU",9
"488","Regular Season","2022-23",22200488,2022-12-23,"OKC vs. NOP","NOP","OKC",10
"489","Regular Season","2022-23",22200489,2022-12-23,"POR @ DEN","DEN","POR",11
"490","Regular Season","2022-23",22200490,2022-12-23,"MEM @ PHX","MEM","PHX",12
"491","Regular Season","2022-23",22200491,2022-12-23,"WAS @ SAC","WAS","SAC",13
"492","Regular Season","2022-23",22200492,2022-12-23,"CHA @ LAL","CHA","LAL",14
"493","Regular Season","2022-23",22200493,2022-12-25,"NYK vs. PHI","PHI","NYK",1
"494","Regular Season","2022-23",22200494,2022-12-25,"DAL vs. LAL","DAL","LAL",2
"495","Regular Season","2022-23",22200495,2022-12-25,"MIL @ BOS","BOS","MIL",3
"496","Regular Season","2022-23",22200496,2022-12-25,"GSW vs. MEM","GSW","MEM",4
"497","Regular Season","2022-23",22200497,2022-12-25,"DEN vs. PHX","DEN","PHX",5
"498","Regular Season","2022-23",22200498,2022-12-26,"BKN @ CLE","BKN","CLE",1
"499","Regular Season","2022-23",22200499,2022-12-26,"LAC @ DET","LAC","DET",2
"500","Regular Season","2022-23",22200500,2022-12-26,"MIA vs. MIN","MIA","MIN",3
"501","Regular Season","2022-23",22200501,2022-12-26,"HOU @ CHI","HOU","CHI",4
"502","Regular Season","2022-23",22200502,2022-12-26,"IND @ NOP","NOP","IND",5
"503","Regular Season","2022-23",22200503,2022-12-26,"UTA @ SAS","SAS","UTA",6
"504","Regular Season","2022-23",22200504,2022-12-26,"POR vs. CHA","POR","CHA",7
"505","Regular Season","2022-23",22200505,2022-12-27,"LAL @ ORL","LAL","ORL",1
"506","Regular Season","2022-23",22200506,2022-12-27,"WAS vs. PHI","WAS","PHI",2
"507","Regular Season","2022-23",22200507,2022-12-27,"HOU @ BOS","BOS","HOU",3
"508","Regular Season","2022-23",22200508,2022-12-27,"ATL @ IND","IND","ATL",4
"509","Regular Season","2022-23",22200509,2022-12-27,"LAC @ TOR","LAC","TOR",5
"510","Regular Season","2022-23",22200510,2022-12-27,"PHX @ MEM","PHX","MEM",6
"511","Regular Season","2022-23",22200511,2022-12-27,"SAS @ OKC","OKC","SAS",7
"512","Regular Season","2022-23",22200512,2022-12-27,"NYK @ DAL","DAL","NYK",8
"513","Regular Season","2022-23",22200513,2022-12-27,"CHA @ GSW","GSW","CHA",9
"514","Regular Season","2022-23",22200514,2022-12-27,"DEN @ SAC","DEN","SAC",10
"515","Regular Season","2022-23",22200515,2022-12-28,"DET vs. ORL","DET","ORL",1
"516","Regular Season","2022-23",22200516,2022-12-28,"PHX @ WAS","WAS","PHX",2
"517","Regular Season","2022-23",22200517,2022-12-28,"ATL vs. BKN","BKN","ATL",3
"518","Regular Season","2022-23",22200518,2022-12-28,"LAL @ MIA","MIA","LAL",4
"519","Regular Season","2022-23",22200519,2022-12-28,"CHI vs. MIL","CHI","MIL",5
"520","Regular Season","2022-23",22200520,2022-12-28,"MIN @ NOP","NOP","MIN",6
"521","Regular Season","2022-23",22200521,2022-12-28,"GSW vs. UTA","GSW","UTA",7
"522","Regular Season","2022-23",22200522,2022-12-28,"SAC vs. DEN","SAC","DEN",8
"523","Regular Season","2022-23",22200523,2022-12-29,"OKC @ CHA","CHA","OKC",1
"524","Regular Season","2022-23",22200524,2022-12-29,"CLE @ IND","IND","CLE",2
"525","Regular Season","2022-23",22200525,2022-12-29,"LAC @ BOS","BOS","LAC",3
"526","Regular Season","2022-23",22200526,2022-12-29,"MEM @ TOR","MEM","TOR",4
"527","Regular Season","2022-23",22200527,2022-12-29,"NYK @ SAS","SAS","NYK",5
"528","Regular Season","2022-23",22200528,2022-12-29,"HOU @ DAL","DAL","HOU",6
"529","Regular Season","2022-23",22200529,2022-12-30,"WAS @ ORL","WAS","ORL",1
"530","Regular Season","2022-23",22200530,2022-12-30,"ATL vs. LAL","LAL","ATL",2
"531","Regular Season","2022-23",22200531,2022-12-30,"PHX @ TOR","TOR","PHX",3
"532","Regular Season","2022-23",22200532,2022-12-30,"DET @ CHI","CHI","DET",4
"533","Regular Season","2022-23",22200533,2022-12-30,"MIN @ MIL","MIL","MIN",5
"534","Regular Season","2022-23",22200534,2022-12-30,"NOP vs. PHI","NOP","PHI",6
"535","Regular Season","2022-23",22200535,2022-12-30,"MIA @ DEN","DEN","MIA",7
"536","Regular Season","2022-23",22200536,2022-12-30,"POR @ GSW","GSW","POR",8
"537","Regular Season","2022-23",22200537,2022-12-30,"UTA @ SAC","SAC","UTA",9
"538","Regular Season","2022-23",22200538,2022-12-31,"IND vs. LAC","IND","LAC",1
"539","Regular Season","2022-23",22200539,2022-12-31,"CHA vs. BKN","BKN","CHA",2
"540","Regular Season","2022-23",22200540,2022-12-31,"CLE @ CHI","CLE","CHI",3
"541","Regular Season","2022-23",22200541,2022-12-31,"HOU vs. NYK","NYK","HOU",4
"542","Regular Season","2022-23",22200542,2022-12-31,"DAL @ SAS","DAL","SAS",5
"543","Regular Season","2022-23",22200543,2022-12-31,"MEM vs. NOP","MEM","NOP",6
"544","Regular Season","2022-23",22200544,2022-12-31,"DET @ MIN","DET","MIN",7
"545","Regular Season","2022-23",22200545,2022-12-31,"PHI @ OKC","PHI","OKC",8
"546","Regular Season","2022-23",22200546,2022-12-31,"UTA vs. MIA","MIA","UTA",9
"547","Regular Season","2022-23",22200547,2023-01-01,"MEM vs. SAC","MEM","SAC",1
"548","Regular Season","2022-23",22200548,2023-01-01,"WAS @ MIL","WAS","MIL",2
"549","Regular Season","2022-23",22200549,2023-01-01,"DEN vs. BOS","DEN","BOS",3
"550","Regular Season","2022-23",22200550,2023-01-02,"NYK vs. PHX","NYK","PHX",1
"551","Regular Season","2022-23",22200551,2023-01-02,"LAL @ CHA","LAL","CHA",2
"552","Regular Season","2022-23",22200552,2023-01-02,"CLE vs. CHI","CLE","CHI",3
"553","Regular Season","2022-23",22200553,2023-01-02,"TOR @ IND","IND","TOR",4
"554","Regular Season","2022-23",22200554,2023-01-02,"PHI vs. NOP","PHI","NOP",5
"555","Regular Season","2022-23",22200555,2023-01-02,"SAS @ BKN","BKN","SAS",6
"556","Regular Season","2022-23",22200556,2023-01-02,"HOU vs. DAL","DAL","HOU",7
"557","Regular Season","2022-23",22200557,2023-01-02,"MIN vs. DEN","MIN","DEN",8
"558","Regular Season","2022-23",22200558,2023-01-02,"GSW vs. ATL","GSW","ATL",9
"559","Regular Season","2022-23",22200559,2023-01-02,"POR vs. DET","POR","DET",10
"560","Regular Season","2022-23",22200560,2023-01-02,"LAC vs. MIA","MIA","LAC",11
"561","Regular Season","2022-23",22200561,2023-01-03,"WAS @ MIL","MIL","WAS",1
"562","Regular Season","2022-23",22200562,2023-01-03,"BOS @ OKC","OKC","BOS",2
"563","Regular Season","2022-23",22200563,2023-01-03,"SAC @ UTA","SAC","UTA",3
"564","Regular Season","2022-23",22200564,2023-01-04,"MEM @ CHA","MEM","CHA",1
"565","Regular Season","2022-23",22200565,2023-01-04,"PHX @ CLE","CLE","PHX",2
"566","Regular Season","2022-23",22200566,2023-01-04,"ORL vs. OKC","ORL","OKC",3
"567","Regular Season","2022-23",22200567,2023-01-04,"PHI vs. IND","PHI","IND",4
"568","Regular Season","2022-23",22200568,2023-01-04,"NYK vs. SAS","NYK","SAS",5
"569","Regular Season","2022-23",22200569,2023-01-04,"TOR vs. MIL","MIL","TOR",6
"570","Regular Season","2022-23",22200570,2023-01-04,"CHI vs. BKN","CHI","BKN",7
"571","Regular Season","2022-23",22200571,2023-01-04,"POR @ MIN","MIN","POR",8
"572","Regular Season","2022-23",22200572,2023-01-04,"HOU @ NOP","NOP","HOU",9
"573","Regular Season","2022-23",22200573,2023-01-04,"GSW vs. DET","DET","GSW",10
"574","Regular Season","2022-23",22200574,2023-01-04,"MIA @ LAL","LAL","MIA",11
"575","Regular Season","2022-23",22200575,2023-01-04,"ATL @ SAC","ATL","SAC",12
"576","Regular Season","2022-23",22200576,2023-01-05,"ORL vs. MEM","MEM","ORL",1
"577","Regular Season","2022-23",22200577,2023-01-05,"DAL vs. BOS","BOS","DAL",2
"578","Regular Season","2022-23",22200578,2023-01-05,"HOU vs. UTA","UTA","HOU",3
"579","Regular Season","2022-23",22200579,2023-01-05,"LAC @ DEN","DEN","LAC",4
"580","Regular Season","2022-23",22200580,2023-01-06,"POR @ IND","IND","POR",1
"581","Regular Season","2022-23",22200581,2023-01-06,"CHI @ PHI","CHI","PHI",2
"582","Regular Season","2022-23",22200582,2023-01-06,"NYK @ TOR","NYK","TOR",3
"583","Regular Season","2022-23",22200583,2023-01-06,"MIL vs. CHA","CHA","MIL",4
"584","Regular Season","2022-23",22200584,2023-01-06,"OKC vs. WAS","OKC","WAS",5
"585","Regular Season","2022-23",22200585,2023-01-06,"DET @ SAS","SAS","DET",6
"586","Regular Season","2022-23",22200586,2023-01-06,"BKN @ NOP","BKN","NOP",7
"587","Regular Season","2022-23",22200587,2023-01-06,"LAC @ MIN","MIN","LAC",8
"588","Regular Season","2022-23",22200588,2023-01-06,"DEN vs. CLE","DEN","CLE",9
"589","Regular Season","2022-23",22200589,2023-01-06,"PHX vs. MIA","MIA","PHX",10
"590","Regular Season","2022-23",22200590,2023-01-06,"ATL @ LAL","LAL","ATL",11
"591","Regular Season","2022-23",22200591,2023-01-07,"BOS @ SAS","BOS","SAS",1
"592","Regular Season","2022-23",22200592,2023-01-07,"CHI vs. UTA","CHI","UTA",2
"593","Regular Season","2022-23",22200593,2023-01-07,"NOP @ DAL","DAL","NOP",3
"594","Regular Season","2022-23",22200594,2023-01-07,"ORL @ GSW","ORL","GSW",4
"595","Regular Season","2022-23",22200595,2023-01-07,"SAC vs. LAL","LAL","SAC",5
"596","Regular Season","2022-23",22200596,2023-01-08,"PHI @ DET","PHI","DET",1
"597","Regular Season","2022-23",22200597,2023-01-08,"POR @ TOR","TOR","POR",2
"598","Regular Season","2022-23",22200598,2023-01-08,"IND vs. CHA","IND","CHA",3
"599","Regular Season","2022-23",22200599,2023-01-08,"MIA vs. BKN","BKN","MIA",4
"600","Regular Season","2022-23",22200600,2023-01-08,"MEM vs. UTA","MEM","UTA",5
"601","Regular Season","2022-23",22200601,2023-01-08,"HOU vs. MIN","MIN","HOU",6
"602","Regular Season","2022-23",22200602,2023-01-08,"OKC vs. DAL","OKC","DAL",7
"603","Regular Season","2022-23",22200603,2023-01-08,"PHX vs. CLE","CLE","PHX",8
"604","Regular Season","2022-23",22200604,2023-01-08,"ATL @ LAC","ATL","LAC",9
"605","Regular Season","2022-23",22200605,2023-01-09,"WAS vs. NOP","NOP","WAS",1
"606","Regular Season","2022-23",22200606,2023-01-09,"BOS vs. CHI","BOS","CHI",2
"607","Regular Season","2022-23",22200607,2023-01-09,"MIL @ NYK","MIL","NYK",3
"608","Regular Season","2022-23",22200608,2023-01-09,"MEM vs. SAS","MEM","SAS",4
"609","Regular Season","2022-23",22200609,2023-01-09,"LAL @ DEN","DEN","LAL",5
"610","Regular Season","2022-23",22200610,2023-01-09,"ORL @ SAC","SAC","ORL",6
"611","Regular Season","2022-23",22200611,2023-01-10,"MIA vs. OKC","MIA","OKC",1
"612","Regular Season","2022-23",22200612,2023-01-10,"PHI vs. DET","PHI","DET",2
"613","Regular Season","2022-23",22200613,2023-01-10,"CHA @ TOR","TOR","CHA",3
"614","Regular Season","2022-23",22200614,2023-01-10,"CLE @ UTA","UTA","CLE",4
"615","Regular Season","2022-23",22200615,2023-01-10,"GSW vs. PHX","PHX","GSW",5
"616","Regular Season","2022-23",22200616,2023-01-10,"POR vs. ORL","ORL","POR",6
"617","Regular Season","2022-23",22200617,2023-01-10,"LAC vs. DAL","LAC","DAL",7
"618","Regular Season","2022-23",22200618,2023-01-11,"DET vs. MIN","DET","MIN",1
"619","Regular Season","2022-23",22200619,2023-01-11,"WAS vs. CHI","WAS","CHI",2
"620","Regular Season","2022-23",22200620,2023-01-11,"MIL @ ATL","MIL","ATL",3
"621","Regular Season","2022-23",22200621,2023-01-11,"NOP @ BOS","BOS","NOP",4
"622","Regular Season","2022-23",22200622,2023-01-11,"NYK vs. IND","NYK","IND",5
"623","Regular Season","2022-23",22200623,2023-01-11,"SAS @ MEM","MEM","SAS",6
"624","Regular Season","2022-23",22200624,2023-01-11,"DEN vs. PHX","DEN","PHX",7
"625","Regular Season","2022-23",22200625,2023-01-11,"SAC vs. HOU","SAC","HOU",8
"626","Regular Season","2022-23",22200626,2023-01-12,"PHI vs. OKC","OKC","PHI",1
"627","Regular Season","2022-23",22200627,2023-01-12,"BKN vs. BOS","BOS","BKN",2
"628","Regular Season","2022-23",22200628,2023-01-12,"MIA vs. MIL","MIA","MIL",3
"629","Regular Season","2022-23",22200629,2023-01-12,"TOR vs. CHA","TOR","CHA",4
"630","Regular Season","2022-23",22200630,2023-01-12,"DAL @ LAL","DAL","LAL",5
"631","Regular Season","2022-23",22200631,2023-01-12,"CLE @ POR","CLE","POR",6
"632","Regular Season","2022-23",22200632,2023-01-13,"DET vs. NOP","NOP","DET",1
"633","Regular Season","2022-23",22200633,2023-01-13,"IND vs. ATL","ATL","IND",2
"634","Regular Season","2022-23",22200634,2023-01-13,"NYK @ WAS","NYK","WAS",3
"635","Regular Season","2022-23",22200635,2023-01-13,"GSW @ SAS","GSW","SAS",4
"636","Regular Season","2022-23",22200636,2023-01-13,"CHI vs. OKC","OKC","CHI",5
"637","Regular Season","2022-23",22200637,2023-01-13,"MIN vs. PHX","MIN","PHX",6
"638","Regular Season","2022-23",22200638,2023-01-13,"UTA vs. ORL","UTA","ORL",7
"639","Regular Season","2022-23",22200639,2023-01-13,"DEN @ LAC","DEN","LAC",8
"640","Regular Season","2022-23",22200640,2023-01-13,"SAC vs. HOU","SAC","HOU",9
"641","Regular Season","2022-23",22200641,2023-01-14,"MIA vs. MIL","MIA","MIL",1
"642","Regular Season","2022-23",22200642,2023-01-14,"BOS @ CHA","BOS","CHA",2
"643","Regular Season","2022-23",22200643,2023-01-14,"MEM @ IND","MEM","IND",3
"644","Regular Season","2022-23",22200644,2023-01-14,"ATL @ TOR","ATL","TOR",4
"645","Regular Season","2022-23",22200645,2023-01-14,"CLE @ MIN","MIN","CLE",5
"646","Regular Season","2022-23",22200646,2023-01-14,"UTA vs. PHI","PHI","UTA",6
"647","Regular Season","2022-23",22200647,2023-01-14,"POR vs. DAL","POR","DAL",7
"648","Regular Season","2022-23",22200648,2023-01-15,"DET vs. NYK","NYK","DET",1
"649","Regular Season","2022-23",22200649,2023-01-15,"LAC vs. HOU","LAC","HOU",2
"650","Regular Season","2022-23",22200650,2023-01-15,"CHI vs. GSW","CHI","GSW",3
"651","Regular Season","2022-23",22200651,2023-01-15,"BKN vs. OKC","OKC","BKN",4
"652","Regular Season","2022-23",22200652,2023-01-15,"SAS vs. SAC","SAC","SAS",5
"653","Regular Season","2022-23",22200653,2023-01-15,"ORL @ DEN","DEN","ORL",6
"654","Regular Season","2022-23",22200654,2023-01-15,"POR vs. DAL","POR","DAL",7
"655","Regular Season","2022-23",22200655,2023-01-15,"LAL vs. PHI","PHI","LAL",8
"656","Regular Season","2022-23",22200656,2023-01-16,"BOS @ CHA","BOS","CHA",1
"657","Regular Season","2022-23",22200657,2023-01-16,"MIL vs. IND","MIL","IND",2
"658","Regular Season","2022-23",22200658,2023-01-16,"NOP @ CLE","CLE","NOP",3
"659","Regular Season","2022-23",22200659,2023-01-16,"NYK vs. TOR","TOR","NYK",4
"660","Regular Season","2022-23",22200660,2023-01-16,"WAS vs. GSW","GSW","WAS",5
"661","Regular Season","2022-23",22200661,2023-01-16,"ATL vs. MIA","ATL","MIA",6
"662","Regular Season","2022-23",22200662,2023-01-16,"UTA @ MIN","UTA","MIN",7
"663","Regular Season","2022-23",22200663,2023-01-16,"PHX @ MEM","MEM","PHX",8
"664","Regular Season","2022-23",22200664,2023-01-16,"LAL vs. HOU","LAL","HOU",9
"665","Regular Season","2022-23",22200665,2023-01-17,"TOR @ MIL","MIL","TOR",1
"666","Regular Season","2022-23",22200666,2023-01-17,"SAS vs. BKN","SAS","BKN",2
"667","Regular Season","2022-23",22200667,2023-01-17,"POR @ DEN","DEN","POR",3
"668","Regular Season","2022-23",22200668,2023-01-17,"LAC vs. PHI","PHI","LAC",4
"669","Regular Season","2022-23",22200669,2023-01-18,"NYK vs. WAS","WAS","NYK",1
"670","Regular Season","2022-23",22200670,2023-01-18,"ATL @ DAL","ATL","DAL",2
"671","Regular Season","2022-23",22200671,2023-01-18,"HOU vs. CHA","CHA","HOU",3
"672","Regular Season","2022-23",22200672,2023-01-18,"CLE @ MEM","MEM","CLE",4
"673","Regular Season","2022-23",22200673,2023-01-18,"NOP vs. MIA","MIA","NOP",5
"674","Regular Season","2022-23",22200674,2023-01-18,"IND @ OKC","OKC","IND",6
"675","Regular Season","2022-23",22200675,2023-01-18,"LAC @ UTA","UTA","LAC",7
"676","Regular Season","2022-23",22200676,2023-01-18,"MIN @ DEN","DEN","MIN",8
"677","Regular Season","2022-23",22200677,2023-01-18,"SAC @ LAL","SAC","LAL",9
"678","Regular Season","2022-23",22200678,2023-01-19,"DET vs. CHI","CHI","DET",1
"679","Regular Season","2022-23",22200679,2023-01-19,"BOS vs. GSW","BOS","GSW",2
"680","Regular Season","2022-23",22200680,2023-01-19,"TOR @ MIN","MIN","TOR",3
"681","Regular Season","2022-23",22200681,2023-01-19,"BKN @ PHX","PHX","BKN",4
"682","Regular Season","2022-23",22200682,2023-01-19,"PHI @ POR","PHI","POR",5
"683","Regular Season","2022-23",22200683,2023-01-20,"ORL vs. NOP","ORL","NOP",1
"684","Regular Season","2022-23",22200684,2023-01-20,"ATL vs. NYK","ATL","NYK",2
"685","Regular Season","2022-23",22200685,2023-01-20,"CLE vs. GSW","GSW","CLE",3
"686","Regular Season","2022-23",22200686,2023-01-20,"DAL vs. MIA","DAL","MIA",4
"687","Regular Season","2022-23",22200687,2023-01-20,"LAC @ SAS","LAC","SAS",5
"688","Regular Season","2022-23",22200688,2023-01-20,"IND @ DEN","DEN","IND",6
"689","Regular Season","2022-23",22200689,2023-01-20,"BKN @ UTA","BKN","UTA",7
"690","Regular Season","2022-23",22200690,2023-01-20,"MEM @ LAL","LAL","MEM",8
"691","Regular Season","2022-23",22200691,2023-01-20,"SAC vs. OKC","SAC","OKC",9
"692","Regular Season","2022-23",22200692,2023-01-21,"TOR vs. BOS","BOS","TOR",1
"693","Regular Season","2022-23",22200693,2023-01-21,"ORL @ WAS","WAS","ORL",2
"694","Regular Season","2022-23",22200694,2023-01-21,"CHA @ ATL","CHA","ATL",3
"695","Regular Season","2022-23",22200695,2023-01-21,"CLE vs. MIL","CLE","MIL",4
"696","Regular Season","2022-23",22200696,2023-01-21,"MIN vs. HOU","MIN","HOU",5
"697","Regular Season","2022-23",22200697,2023-01-21,"IND @ PHX","PHX","IND",6
"698","Regular Season","2022-23",22200698,2023-01-21,"SAC vs. PHI","PHI","SAC",7
"699","Regular Season","2022-23",22200699,2023-01-22,"MIA vs. NOP","MIA","NOP",1
"700","Regular Season","2022-23",22200700,2023-01-22,"NYK @ TOR","TOR","NYK",2
"701","Regular Season","2022-23",22200701,2023-01-22,"DAL vs. LAC","LAC","DAL",3
"702","Regular Season","2022-23",22200702,2023-01-22,"DEN vs. OKC","OKC","DEN",4
"703","Regular Season","2022-23",22200703,2023-01-22,"MEM @ PHX","PHX","MEM",5
"704","Regular Season","2022-23",22200704,2023-01-22,"GSW vs. BKN","BKN","GSW",6
"705","Regular Season","2022-23",22200705,2023-01-22,"LAL @ POR","LAL","POR",7
"706","Regular Season","2022-23",22200706,2023-01-23,"DET vs. MIL","MIL","DET",1
"707","Regular Season","2022-23",22200707,2023-01-23,"BOS @ ORL","ORL","BOS",2
"708","Regular Season","2022-23",22200708,2023-01-23,"ATL @ CHI","CHI","ATL",3
"709","Regular Season","2022-23",22200709,2023-01-23,"MIN @ HOU","HOU","MIN",4
"710","Regular Season","2022-23",22200710,2023-01-23,"CHA @ UTA","UTA","CHA",5
"711","Regular Season","2022-23",22200711,2023-01-23,"SAS @ POR","POR","SAS",6
"712","Regular Season","2022-23",22200712,2023-01-23,"MEM @ SAC","SAC","MEM",7
"713","Regular Season","2022-23",22200713,2023-01-24,"CHI @ IND","IND","CHI",1
"714","Regular Season","2022-23",22200714,2023-01-24,"BOS @ MIA","MIA","BOS",2
"715","Regular Season","2022-23",22200715,2023-01-24,"NYK vs. CLE","NYK","CLE",3
"716","Regular Season","2022-23",22200716,2023-01-24,"NOP vs. DEN","DEN","NOP",4
"717","Regular Season","2022-23",22200717,2023-01-24,"DAL vs. WAS","WAS","DAL",5
"718","Regular Season","2022-23",22200718,2023-01-24,"PHX vs. CHA","PHX","CHA",6
"719","Regular Season","2022-23",22200719,2023-01-24,"LAL vs. LAC","LAC","LAL",7
"720","Regular Season","2022-23",22200720,2023-01-25,"IND @ ORL","ORL","IND",1
"721","Regular Season","2022-23",22200721,2023-01-25,"PHI vs. BKN","PHI","BKN",2
"722","Regular Season","2022-23",22200722,2023-01-25,"WAS @ HOU","WAS","HOU",3
"723","Regular Season","2022-23",22200723,2023-01-25,"DEN @ MIL","MIL","DEN",4
"724","Regular Season","2022-23",22200724,2023-01-25,"NOP vs. MIN","MIN","NOP",5
"725","Regular Season","2022-23",22200725,2023-01-25,"ATL @ OKC","ATL","OKC",6
"726","Regular Season","2022-23",22200726,2023-01-25,"GSW vs. MEM","GSW","MEM",7
"727","Regular Season","2022-23",22200727,2023-01-25,"UTA @ POR","POR","UTA",8
"728","Regular Season","2022-23",22200728,2023-01-25,"TOR @ SAC","TOR","SAC",9
"729","Regular Season","2022-23",22200729,2023-01-25,"SAS @ LAL","LAL","SAS",10
"730","Regular Season","2022-23",22200730,2023-01-26,"BOS vs. NYK","NYK","BOS",1
"731","Regular Season","2022-23",22200731,2023-01-26,"DET @ BKN","DET","BKN",2
"732","Regular Season","2022-23",22200732,2023-01-26,"CHA vs. CHI","CHA","CHI",3
"733","Regular Season","2022-23",22200733,2023-01-26,"HOU vs. CLE","CLE","HOU",4
"734","Regular Season","2022-23",22200734,2023-01-26,"DAL @ PHX","DAL","PHX",5
"735","Regular Season","2022-23",22200735,2023-01-26,"LAC vs. SAS","LAC","SAS",6
"736","Regular Season","2022-23",22200736,2023-01-27,"MIL @ IND","MIL","IND",1
"737","Regular Season","2022-23",22200737,2023-01-27,"MIN vs. MEM","MIN","MEM",2
"738","Regular Season","2022-23",22200738,2023-01-27,"ORL @ MIA","MIA","ORL",3
"739","Regular Season","2022-23",22200739,2023-01-27,"CLE @ OKC","OKC","CLE",4
"740","Regular Season","2022-23",22200740,2023-01-27,"TOR @ GSW","GSW","TOR",5
"741","Regular Season","2022-23",22200741,2023-01-28,"DEN @ PHI","PHI","DEN",1
"742","Regular Season","2022-23",22200742,2023-01-28,"NYK @ BKN","BKN","NYK",2
"743","Regular Season","2022-23",22200743,2023-01-28,"HOU @ DET","HOU","DET",3
"744","Regular Season","2022-23",22200744,2023-01-28,"CHI @ ORL","CHI","ORL",4
"745","Regular Season","2022-23",22200745,2023-01-28,"LAC @ ATL","LAC","ATL",5
"746","Regular Season","2022-23",22200746,2023-01-28,"MIN vs. SAC","MIN","SAC",6
"747","Regular Season","2022-23",22200747,2023-01-28,"NOP vs. WAS","WAS","NOP",7
"748","Regular Season","2022-23",22200748,2023-01-28,"SAS vs. PHX","PHX","SAS",8
"749","Regular Season","2022-23",22200749,2023-01-28,"LAL @ BOS","BOS","LAL",9
"750","Regular Season","2022-23",22200750,2023-01-28,"UTA vs. DAL","UTA","DAL",10
"751","Regular Season","2022-23",22200751,2023-01-28,"TOR @ POR","TOR","POR",11
"752","Regular Season","2022-23",22200752,2023-01-29,"MIA @ CHA","CHA","MIA",1
"753","Regular Season","2022-23",22200753,2023-01-29,"MEM vs. IND","MEM","IND",2
"754","Regular Season","2022-23",22200754,2023-01-29,"LAC @ CLE","CLE","LAC",3
"755","Regular Season","2022-23",22200755,2023-01-29,"MIL vs. NOP","MIL","NOP",4
"756","Regular Season","2022-23",22200756,2023-01-30,"PHI vs. ORL","ORL","PHI",1
"757","Regular Season","2022-23",22200757,2023-01-30,"LAL @ BKN","BKN","LAL",2
"758","Regular Season","2022-23",22200758,2023-01-30,"MIN vs. SAC","SAC","MIN",3
"759","Regular Season","2022-23",22200759,2023-01-30,"GSW @ OKC","GSW","OKC",4
"760","Regular Season","2022-23",22200760,2023-01-30,"SAS vs. WAS","WAS","SAS",5
"761","Regular Season","2022-23",22200761,2023-01-30,"DET @ DAL","DAL","DET",6
"762","Regular Season","2022-23",22200762,2023-01-30,"TOR @ PHX","PHX","TOR",7
"763","Regular Season","2022-23",22200763,2023-01-30,"ATL @ POR","POR","ATL",8
"764","Regular Season","2022-23",22200764,2023-01-31,"MIA @ CLE","MIA","CLE",1
"765","Regular Season","2022-23",22200765,2023-01-31,"LAL @ NYK","LAL","NYK",2
"766","Regular Season","2022-23",22200766,2023-01-31,"CHI vs. LAC","LAC","CHI",3
"767","Regular Season","2022-23",22200767,2023-01-31,"MIL vs. CHA","MIL","CHA",4
"768","Regular Season","2022-23",22200768,2023-01-31,"NOP @ DEN","DEN","NOP",5
"769","Regular Season","2022-23",22200770,2023-02-01,"PHI vs. ORL","PHI","ORL",1
"770","Regular Season","2022-23",22200771,2023-02-01,"MEM vs. POR","POR","MEM",2
"771","Regular Season","2022-23",22200772,2023-02-01,"BOS vs. BKN","BOS","BKN",3
"772","Regular Season","2022-23",22200773,2023-02-01,"HOU vs. OKC","HOU","OKC",4
"773","Regular Season","2022-23",22200774,2023-02-01,"GSW @ MIN","MIN","GSW",5
"774","Regular Season","2022-23",22200775,2023-02-01,"SAC @ SAS","SAC","SAS",6
"775","Regular Season","2022-23",22200776,2023-02-01,"TOR @ UTA","UTA","TOR",7
"776","Regular Season","2022-23",22200777,2023-02-01,"ATL @ PHX","ATL","PHX",8
"777","Regular Season","2022-23",22200778,2023-02-02,"IND vs. LAL","LAL","IND",1
"778","Regular Season","2022-23",22200779,2023-02-02,"MEM @ CLE","CLE","MEM",2
"779","Regular Season","2022-23",22200780,2023-02-02,"NYK vs. MIA","NYK","MIA",3
"780","Regular Season","2022-23",22200781,2023-02-02,"CHA @ CHI","CHI","CHA",4
"781","Regular Season","2022-23",22200782,2023-02-02,"DAL vs. NOP","DAL","NOP",5
"782","Regular Season","2022-23",22200783,2023-02-02,"DEN vs. GSW","DEN","GSW",6
"783","Regular Season","2022-23",22200784,2023-02-02,"LAC @ MIL","MIL","LAC",7
"784","Regular Season","2022-23",22200785,2023-02-03,"DET vs. CHA","DET","CHA",1
"785","Regular Season","2022-23",22200786,2023-02-03,"IND vs. SAC","IND","SAC",2
"786","Regular Season","2022-23",22200787,2023-02-03,"POR @ WAS","POR","WAS",3
"787","Regular Season","2022-23",22200788,2023-02-03,"PHX @ BOS","PHX","BOS",4
"788","Regular Season","2022-23",22200789,2023-02-03,"TOR @ HOU","TOR","HOU",5
"789","Regular Season","2022-23",22200790,2023-02-03,"MIN vs. ORL","ORL","MIN",6
"790","Regular Season","2022-23",22200791,2023-02-03,"PHI @ SAS","PHI","SAS",7
"791","Regular Season","2022-23",22200792,2023-02-03,"ATL @ UTA","ATL","UTA",8
"792","Regular Season","2022-23",22200793,2023-02-04,"BKN vs. WAS","BKN","WAS",1
"793","Regular Season","2022-23",22200794,2023-02-04,"PHX @ DET","PHX","DET",2
"794","Regular Season","2022-23",22200795,2023-02-04,"NYK vs. LAC","LAC","NYK",3
"795","Regular Season","2022-23",22200796,2023-02-04,"POR @ CHI","CHI","POR",4
"796","Regular Season","2022-23",22200797,2023-02-04,"MIA @ MIL","MIL","MIA",5
"797","Regular Season","2022-23",22200798,2023-02-04,"NOP vs. LAL","NOP","LAL",6
"798","Regular Season","2022-23",22200799,2023-02-04,"HOU @ OKC","OKC","HOU",7
"799","Regular Season","2022-23",22200800,2023-02-04,"DAL @ GSW","GSW","DAL",8
"800","Regular Season","2022-23",22200801,2023-02-04,"ATL @ DEN","DEN","ATL",9
"801","Regular Season","2022-23",22200802,2023-02-05,"CHA vs. ORL","ORL","CHA",1
"802","Regular Season","2022-23",22200803,2023-02-05,"IND vs. CLE","CLE","IND",2
"803","Regular Season","2022-23",22200804,2023-02-05,"NYK vs. PHI","NYK","PHI",3
"804","Regular Season","2022-23",22200805,2023-02-05,"MEM vs. TOR","TOR","MEM",4
"805","Regular Season","2022-23",22200806,2023-02-05,"DEN @ MIN","MIN","DEN",5
"806","Regular Season","2022-23",22200807,2023-02-05,"NOP vs. SAC","NOP","SAC",6
"807","Regular Season","2022-23",22200808,2023-02-06,"DET vs. BOS","BOS","DET",1
"808","Regular Season","2022-23",22200809,2023-02-06,"WAS vs. CLE","CLE","WAS",2
"809","Regular Season","2022-23",22200810,2023-02-06,"BKN vs. LAC","LAC","BKN",3
"810","Regular Season","2022-23",22200811,2023-02-06,"SAS @ CHI","CHI","SAS",4
"811","Regular Season","2022-23",22200812,2023-02-06,"HOU vs. SAC","SAC","HOU",5
"812","Regular Season","2022-23",22200813,2023-02-06,"DAL @ UTA","DAL","UTA",6
"813","Regular Season","2022-23",22200814,2023-02-06,"GSW vs. OKC","GSW","OKC",7
"814","Regular Season","2022-23",22200815,2023-02-06,"MIL @ POR","MIL","POR",8
"815","Regular Season","2022-23",22200816,2023-02-07,"ORL vs. NYK","NYK","ORL",1
"816","Regular Season","2022-23",22200817,2023-02-07,"BKN vs. PHX","PHX","BKN",2
"817","Regular Season","2022-23",22200818,2023-02-07,"NOP vs. ATL","NOP","ATL",3
"818","Regular Season","2022-23",22200819,2023-02-07,"MEM vs. CHI","MEM","CHI",4
"819","Regular Season","2022-23",22200820,2023-02-07,"MIN @ DEN","DEN","MIN",5
"820","Regular Season","2022-23",22200821,2023-02-07,"LAL vs. OKC","OKC","LAL",6
"821","Regular Season","2022-23",22200822,2023-02-08,"DET @ CLE","CLE","DET",1
"822","Regular Season","2022-23",22200823,2023-02-08,"WAS vs. CHA","WAS","CHA",2
"823","Regular Season","2022-23",22200824,2023-02-08,"BOS vs. PHI","BOS","PHI",3
"824","Regular Season","2022-23",22200825,2023-02-08,"MIA vs. IND","MIA","IND",4
"825","Regular Season","2022-23",22200826,2023-02-08,"SAS @ TOR","TOR","SAS",5
"826","Regular Season","2022-23",22200827,2023-02-08,"HOU vs. SAC","SAC","HOU",6
"827","Regular Season","2022-23",22200828,2023-02-08,"MIN @ UTA","MIN","UTA",7
"828","Regular Season","2022-23",22200829,2023-02-08,"DAL @ LAC","DAL","LAC",8
"829","Regular Season","2022-23",22200830,2023-02-08,"POR vs. GSW","POR","GSW",9
"830","Regular Season","2022-23",22200831,2023-02-09,"ORL vs. DEN","ORL","DEN",1
"831","Regular Season","2022-23",22200832,2023-02-09,"ATL vs. PHX","ATL","PHX",2
"832","Regular Season","2022-23",22200833,2023-02-09,"CHI @ BKN","BKN","CHI",3
"833","Regular Season","2022-23",22200834,2023-02-09,"LAL vs. MIL","MIL","LAL",4
"834","Regular Season","2022-23",22200835,2023-02-10,"DET vs. SAS","DET","SAS",1
"835","Regular Season","2022-23",22200836,2023-02-10,"PHX @ IND","PHX","IND",2
"836","Regular Season","2022-23",22200837,2023-02-10,"PHI vs. NYK","PHI","NYK",3
"837","Regular Season","2022-23",22200838,2023-02-10,"BOS vs. CHA","BOS","CHA",4
"838","Regular Season","2022-23",22200839,2023-02-10,"TOR vs. UTA","UTA","TOR",5
"839","Regular Season","2022-23",22200840,2023-02-10,"MIA vs. HOU","MIA","HOU",6
"840","Regular Season","2022-23",22200841,2023-02-10,"MIN @ MEM","MEM","MIN",7
"841","Regular Season","2022-23",22200842,2023-02-10,"CLE @ NOP","CLE","NOP",8
"842","Regular Season","2022-23",22200843,2023-02-10,"OKC @ POR","OKC","POR",9
"843","Regular Season","2022-23",22200844,2023-02-10,"DAL @ SAC","DAL","SAC",10
"844","Regular Season","2022-23",22200845,2023-02-10,"MIL @ LAC","MIL","LAC",11
"845","Regular Season","2022-23",22200846,2023-02-11,"BKN vs. PHI","PHI","BKN",1
"846","Regular Season","2022-23",22200847,2023-02-11,"DEN @ CHA","DEN","CHA",2
"847","Regular Season","2022-23",22200848,2023-02-11,"ORL vs. MIA","MIA","ORL",3
"848","Regular Season","2022-23",22200849,2023-02-11,"WAS vs. IND","WAS","IND",4
"849","Regular Season","2022-23",22200850,2023-02-11,"SAS @ ATL","ATL","SAS",5
"850","Regular Season","2022-23",22200851,2023-02-11,"UTA @ NYK","NYK","UTA",6
"851","Regular Season","2022-23",22200852,2023-02-11,"CHI @ CLE","CLE","CHI",7
"852","Regular Season","2022-23",22200853,2023-02-11,"LAL @ GSW","LAL","GSW",8
"853","Regular Season","2022-23",22200854,2023-02-11,"SAC vs. DAL","SAC","DAL",9
"854","Regular Season","2022-23",22200855,2023-02-12,"MEM @ BOS","BOS","MEM",1
"855","Regular Season","2022-23",22200856,2023-02-12,"DET @ TOR","TOR","DET",2
"856","Regular Season","2022-23",22200857,2023-02-13,"CHA vs. ATL","CHA","ATL",1
"857","Regular Season","2022-23",22200858,2023-02-13,"SAS @ CLE","CLE","SAS",2
"858","Regular Season","2022-23",22200859,2023-02-13,"IND vs. UTA","UTA","IND",3
"859","Regular Season","2022-23",22200860,2023-02-13,"HOU @ PHI","PHI","HOU",4
"860","Regular Season","2022-23",22200861,2023-02-13,"MIA vs. DEN","DEN","MIA",5
"861","Regular Season","2022-23",22200862,2023-02-13,"NYK vs. BKN","NYK","BKN",6
"862","Regular Season","2022-23",22200863,2023-02-13,"ORL @ CHI","ORL","CHI",7
"863","Regular Season","2022-23",22200864,2023-02-13,"NOP @ OKC","NOP","OKC",8
"864","Regular Season","2022-23",22200865,2023-02-13,"MIN @ DAL","MIN","DAL",9
"865","Regular Season","2022-23",22200866,2023-02-13,"WAS @ GSW","GSW","WAS",10
"866","Regular Season","2022-23",22200867,2023-02-13,"LAL @ POR","POR","LAL",11
"867","Regular Season","2022-23",22200868,2023-02-14,"TOR vs. ORL","TOR","ORL",1
"868","Regular Season","2022-23",22200869,2023-02-14,"BOS @ MIL","MIL","BOS",2
"869","Regular Season","2022-23",22200870,2023-02-14,"PHX vs. SAC","PHX","SAC",3
"870","Regular Season","2022-23",22200871,2023-02-14,"GSW @ LAC","LAC","GSW",4
"871","Regular Season","2022-23",22200872,2023-02-14,"WAS @ POR","WAS","POR",5
"872","Regular Season","2022-23",22200873,2023-02-15,"SAS @ CHA","CHA","SAS",1
"873","Regular Season","2022-23",22200874,2023-02-15,"IND vs. CHI","IND","CHI",2
"874","Regular Season","2022-23",22200875,2023-02-15,"PHI vs. CLE","PHI","CLE",3
"875","Regular Season","2022-23",22200876,2023-02-15,"NYK @ ATL","NYK","ATL",4
"876","Regular Season","2022-23",22200877,2023-02-15,"BOS vs. DET","BOS","DET",5
"877","Regular Season","2022-23",22200878,2023-02-15,"MIA @ BKN","BKN","MIA",6
"878","Regular Season","2022-23",22200879,2023-02-15,"UTA @ MEM","MEM","UTA",7
"879","Regular Season","2022-23",22200880,2023-02-15,"OKC vs. HOU","OKC","HOU",8
"880","Regular Season","2022-23",22200881,2023-02-15,"DEN vs. DAL","DEN","DAL",9
"881","Regular Season","2022-23",22200882,2023-02-15,"NOP @ LAL","LAL","NOP",10
"882","Regular Season","2022-23",22200883,2023-02-16,"MIL @ CHI","MIL","CHI",1
"883","Regular Season","2022-23",22200884,2023-02-16,"WAS @ MIN","WAS","MIN",2
"884","Regular Season","2022-23",22200885,2023-02-16,"PHX vs. LAC","LAC","PHX",3
"885","Regular Season","2022-23",22200886,2023-02-23,"DEN @ CLE","DEN","CLE",1
"886","Regular Season","2022-23",22200887,2023-02-23,"BOS @ IND","BOS","IND",2
"887","Regular Season","2022-23",22200888,2023-02-23,"ORL vs. DET","ORL","DET",3
"888","Regular Season","2022-23",22200889,2023-02-23,"MEM @ PHI","PHI","MEM",4
"889","Regular Season","2022-23",22200890,2023-02-23,"NOP @ TOR","TOR","NOP",5
"890","Regular Season","2022-23",22200891,2023-02-23,"SAS @ DAL","DAL","SAS",6
"891","Regular Season","2022-23",22200892,2023-02-23,"UTA vs. OKC","UTA","OKC",7
"892","Regular Season","2022-23",22200893,2023-02-23,"GSW @ LAL","LAL","GSW",8
"893","Regular Season","2022-23",22200894,2023-02-23,"POR @ SAC","SAC","POR",9
"894","Regular Season","2022-23",22200895,2023-02-24,"WAS vs. NYK","NYK","WAS",1
"895","Regular Season","2022-23",22200896,2023-02-24,"CLE @ ATL","ATL","CLE",2
"896","Regular Season","2022-23",22200897,2023-02-24,"MIA @ MIL","MIL","MIA",3
"897","Regular Season","2022-23",22200898,2023-02-24,"CHA @ MIN","CHA","MIN",4
"898","Regular Season","2022-23",22200899,2023-02-24,"PHX vs. OKC","PHX","OKC",5
"899","Regular Season","2022-23",22200900,2023-02-24,"CHI vs. BKN","CHI","BKN",6
"900","Regular Season","2022-23",22200901,2023-02-24,"GSW vs. HOU","GSW","HOU",7
"901","Regular Season","2022-23",22200902,2023-02-24,"SAC @ LAC","SAC","LAC",8
"902","Regular Season","2022-23",22200903,2023-02-25,"TOR @ DET","TOR","DET",1
"903","Regular Season","2022-23",22200904,2023-02-25,"MIA @ CHA","CHA","MIA",2
"904","Regular Season","2022-23",22200905,2023-02-25,"ORL vs. IND","IND","ORL",3
"905","Regular Season","2022-23",22200906,2023-02-25,"NOP @ NYK","NYK","NOP",4
"906","Regular Season","2022-23",22200907,2023-02-25,"MEM vs. DEN","MEM","DEN",5
"907","Regular Season","2022-23",22200908,2023-02-25,"PHI vs. BOS","BOS","PHI",6
"908","Regular Season","2022-23",22200909,2023-02-25,"UTA vs. SAS","UTA","SAS",7
"909","Regular Season","2022-23",22200910,2023-02-26,"MIL vs. PHX","MIL","PHX",1
"910","Regular Season","2022-23",22200911,2023-02-26,"BKN @ ATL","ATL","BKN",2
"911","Regular Season","2022-23",22200912,2023-02-26,"WAS @ CHI","CHI","WAS",3
"912","Regular Season","2022-23",22200913,2023-02-26,"LAL @ DAL","LAL","DAL",4
"913","Regular Season","2022-23",22200914,2023-02-26,"TOR @ CLE","CLE","TOR",5
"914","Regular Season","2022-23",22200915,2023-02-26,"SAC @ OKC","SAC","OKC",6
"915","Regular Season","2022-23",22200916,2023-02-26,"MIN @ GSW","GSW","MIN",7
"916","Regular Season","2022-23",22200917,2023-02-26,"POR vs. HOU","POR","HOU",8
"917","Regular Season","2022-23",22200918,2023-02-26,"DEN vs. LAC","DEN","LAC",9
"918","Regular Season","2022-23",22200919,2023-02-27,"CHA vs. DET","CHA","DET",1
"919","Regular Season","2022-23",22200920,2023-02-27,"MIA @ PHI","MIA","PHI",2
"920","Regular Season","2022-23",22200921,2023-02-27,"NYK vs. BOS","NYK","BOS",3
"921","Regular Season","2022-23",22200922,2023-02-27,"NOP vs. ORL","ORL","NOP",4
"922","Regular Season","2022-23",22200923,2023-02-28,"WAS @ ATL","WAS","ATL",1
"923","Regular Season","2022-23",22200924,2023-02-28,"BKN vs. MIL","MIL","BKN",2
"924","Regular Season","2022-23",22200925,2023-02-28,"CHI @ TOR","TOR","CHI",3
"925","Regular Season","2022-23",22200926,2023-02-28,"HOU vs. DEN","DEN","HOU",4
"926","Regular Season","2022-23",22200927,2023-02-28,"MEM vs. LAL","MEM","LAL",5
"927","Regular Season","2022-23",22200928,2023-02-28,"OKC vs. SAC","SAC","OKC",6
"928","Regular Season","2022-23",22200929,2023-02-28,"DAL vs. IND","IND","DAL",7
"929","Regular Season","2022-23",22200930,2023-02-28,"UTA vs. SAS","SAS","UTA",8
"930","Regular Season","2022-23",22200931,2023-02-28,"POR @ GSW","GSW","POR",9
"931","Regular Season","2022-23",22200932,2023-02-28,"MIN @ LAC","MIN","LAC",10
"932","Regular Season","2022-23",22200933,2023-03-01,"PHX @ CHA","CHA","CHA",1
"933","Regular Season","2022-23",22200934,2023-03-01,"CHI @ DET","DET","DET",2
"934","Regular Season","2022-23",22200935,2023-03-01,"BOS vs. CLE","CLE","CLE",3
"935","Regular Season","2022-23",22200936,2023-03-01,"PHI @ MIA","MIA","MIA",4
"936","Regular Season","2022-23",22200937,2023-03-01,"NYK vs. BKN","BKN","BKN",5
